Regular season,,,,,,,,,,,,,,,,,,,,,,,,,,,,,,,
,,,,,,,,,,,,,,,,,,,,,,,,,,,,,,,
"promoted, relegated, Cup Qualifier See Rank Key",,,,,,,,,,,,,,,,,,,,,,,,,,,,,,,
,,,,,,,,,,,,,,,,,,,,,,,,,,,,,,,
Glossary,,,,,,,,,,,,,,,,,,,,,,,,,,,,,,,
Overall,,,,,,,,,,,,,,,,,,,,,,,,,,,,,,,
Home/Away,,,,,,,,,,,,,,,,,,,,,,,,,,,,,,,
Rk,Squad,MP,W,D,L,GF,GA,GD,Pts,Pts/MP,xG,xGA,xGD,xGD/90,Attendance,Top Team Scorer,Goalkeeper,Notes,,,,,,,,,,,,,
1, Liverpool,38,32,3,3,85,33,52,99,2.61,68.9,37.7,31.2,0.82,"41,955",Mohamed Salah - 19,Alisson,? Champions League via league finish,,,,,,,,,,,,,
2, Manchester City,38,26,3,9,102,35,67,81,2.13,92,36.2,55.7,1.47,"37,097",Raheem Sterling - 20,Ederson,? Champions League via league finish,,,,,,,,,,,,,
3, Manchester Utd,38,18,12,8,66,36,30,66,1.74,62.2,37.7,24.5,0.64,"57,415","Anthony Martial, Marcus Rashford - 17",David de Gea,? Champions League via league finish,,,,,,,,,,,,,
4, Chelsea,38,20,6,12,69,54,15,66,1.74,69.2,38.6,30.6,0.81,"32,023",Tammy Abraham - 15,Kepa Arrizabalaga,? Champions League via league finish,,,,,,,,,,,,,
5, Leicester City,38,18,8,12,67,41,26,62,1.63,62.2,45.5,16.7,0.44,"25,312",Jamie Vardy - 23,Kasper Schmeichel,? Europa League via league finish,,,,,,,,,,,,,
6, Tottenham,38,16,11,11,61,47,14,59,1.55,47.9,54.2,-6.3,-0.17,"43,757",Harry Kane - 18,Hugo Lloris,? Europa League via league finish 1,,,,,,,,,,,,,
7, Wolves,38,15,14,9,51,40,11,59,1.55,54.1,38,16.1,0.42,"24,758",Raúl Jiménez - 17,Rui Patrício,,,,,,,,,,,,,,
8, Arsenal,38,14,14,10,56,48,8,56,1.47,47,55.3,-8.3,-0.22,"47,589",Pierre-Emerick Aubameyang - 22,Bernd Leno,? Europa League via cup win 2,,,,,,,,,,,,,
9, Sheffield Utd,38,14,12,12,39,39,0,54,1.42,43,51,-7.9,-0.21,"24,370","Lys Mousset, Oliver McBurnie - 6",Dean Henderson,,,,,,,,,,,,,,
10, Burnley,38,15,9,14,43,50,-7,54,1.42,47.4,49.8,-2.4,-0.06,"15,995",Chris Wood - 14,Nick Pope,,,,,,,,,,,,,,
11, Southampton,38,15,7,16,51,60,-9,52,1.37,56.1,52.8,3.3,0.09,"23,428",Danny Ings - 22,Alex McCarthy,,,,,,,,,,,,,,
12, Everton,38,13,10,15,44,56,-12,49,1.29,50.8,48.3,2.5,0.07,"28,848","Dominic Calvert-Lewin, Richarlison - 13",Jordan Pickford,,,,,,,,,,,,,,
13, Newcastle Utd,38,11,11,16,38,58,-20,44,1.16,35.5,65.6,-30.1,-0.79,"35,551",Jonjo Shelvey - 6,Martin Dúbravka,,,,,,,,,,,,,,
14, Crystal Palace,38,11,10,17,31,50,-19,43,1.13,35.8,57,-21.2,-0.56,"19,784",Jordan Ayew - 9,Vicente Guaita,,,,,,,,,,,,,,
15, Brighton,38,9,14,15,39,54,-15,41,1.08,45.4,55,-9.5,-0.25,"22,369",Neal Maupay - 10,Mathew Ryan,,,,,,,,,,,,,,
16, West Ham,38,10,9,19,49,62,-13,39,1.03,48.6,63.8,-15.2,-0.4,"44,155",Michail Antonio - 10,Lukasz Fabianski,,,,,,,,,,,,,,
17, Aston Villa,38,9,8,21,41,67,-26,35,0.92,44.3,67.8,-23.5,-0.62,"28,505",Jack Grealish - 8,Tom Heaton,,,,,,,,,,,,,,
18, Bournemouth,38,9,7,22,40,65,-25,34,0.89,44.8,62.3,-17.5,-0.46,"7,745",Callum Wilson - 8,Aaron Ramsdale,Relegated,,,,,,,,,,,,,
19, Watford,38,8,10,20,36,64,-28,34,0.89,48.9,58.1,-9.3,-0.24,"15,353",Troy Deeney - 10,Ben Foster,Relegated,,,,,,,,,,,,,
20, Norwich City,38,5,6,27,26,75,-49,21,0.55,37,66.5,-29.5,-0.78,"19,913",Teemu Pukki - 11,Tim Krul,Relegated,,,,,,,,,,,,,
,,,,,,,,,,,,,,,,,,,,,,,,,,,,,,,
Show Table Notes/Structure,,,,,,,,,,,,,,,,,,,,,,,,,,,,,,,
,,,,,,,,,,,,,,,,,,,,,,,,,,,,,,,
Squad Standard Stats 2019-2020 Premier League,,,,,,,,,,,,,,,,,,,,,,,,,,,,,,,
,,,,,,,,,,,,,,,,,,,,,,,,,,,,,,,
View Player Stats,,,,,,,,,,,,,,,,,,,,,,,,,,,,,,,
,,,,,,,,,,,,,,,,,,,,,,,,,,,,,,,
Glossary,,,,,,,,,,,,,,,,,,,,,,,,,,,,,,,
Toggle Per90 Stats,,,,,,,,,,,,,,,,,,,,,,,,,,,,,,,
Squad Stats,,,,,,,,,,,,,,,,,,,,,,,,,,,,,,,
Opponent Stats,,,,,,,,,,,,,,,,,,,,,,,,,,,,,,,
,,,,Playing Time,,,,Performance,,,,,,,,Expected,,,,Progression,,Per 90 Minutes,,,,,,,,,
Squad,# Pl,Age,Poss,MP,Starts,Min,90s,Gls,Ast,G+A,G-PK,PK,PKatt,CrdY,CrdR,xG,npxG,xAG,npxG+xAG,PrgC,PrgP,Gls,Ast,G+A,G-PK,G+A-PK,xG,xAG,xG+xAG,npxG,npxG+xAG
Arsenal,29,25.8,53.8,38,418,"3,420",38,56,35,91,53,3,3,88,5,47,44.6,31.4,76.1,815,1641,1.47,0.92,2.39,1.39,2.32,1.24,0.83,2.06,1.17,2
Aston Villa,28,25.7,44.1,38,418,"3,420",38,40,32,72,39,1,3,70,1,44.3,41.8,34.2,76,639,1247,1.05,0.84,1.89,1.03,1.87,1.16,0.9,2.06,1.1,2
Bournemouth,27,25.2,44.1,38,418,"3,420",38,38,24,62,34,4,4,78,3,44.8,41.7,30.6,72.3,601,1256,1,0.63,1.63,0.89,1.53,1.18,0.8,1.98,1.1,1.9
Brighton,25,26.4,52.2,38,418,"3,420",38,35,24,59,34,1,2,59,2,45.4,43.8,31.6,75.4,669,1675,0.92,0.63,1.55,0.89,1.53,1.2,0.83,2.03,1.15,1.99
Burnley,22,28,41.9,38,418,"3,420",38,41,30,71,38,3,3,67,0,47.4,45.3,32.4,77.7,437,890,1.08,0.79,1.87,1,1.79,1.25,0.85,2.1,1.19,2.04
Chelsea,27,25.5,60.4,38,418,"3,420",38,69,46,115,62,7,7,60,0,69.2,64.4,46.7,111.1,983,1897,1.82,1.21,3.03,1.63,2.84,1.82,1.23,3.05,1.7,2.92
Crystal Palace,25,29.4,44.8,38,418,"3,420",38,29,20,49,26,3,3,62,2,35.8,33.6,26,59.5,596,1223,0.76,0.53,1.29,0.68,1.21,0.94,0.68,1.63,0.88,1.57
Everton,24,25.5,49,38,418,"3,420",38,42,32,74,41,1,1,76,3,50.8,50,38.1,88.1,623,1430,1.11,0.84,1.95,1.08,1.92,1.34,1,2.34,1.32,2.32
Leicester City,24,26.1,57.1,38,418,"3,420",38,65,48,113,60,5,7,43,3,62.2,56.7,44.9,101.6,739,1612,1.71,1.26,2.97,1.58,2.84,1.64,1.18,2.82,1.49,2.67
Liverpool,24,26.6,62.9,38,418,"3,420",38,83,69,152,78,5,5,38,1,68.9,65,53,118,967,1941,2.18,1.82,4,2.05,3.87,1.81,1.39,3.21,1.71,3.1
Manchester City,24,26.9,66.2,38,418,"3,420",38,100,69,169,94,6,11,64,4,92,83.6,68.4,152,1199,2460,2.63,1.82,4.45,2.47,4.29,2.42,1.8,4.22,2.2,4
Manchester Utd,29,24.8,55.8,38,418,"3,420",38,65,43,108,55,10,14,73,0,62.2,51.2,38.5,89.7,926,1788,1.71,1.13,2.84,1.45,2.58,1.64,1.01,2.65,1.35,2.36
Newcastle Utd,28,26.5,39,38,418,"3,420",38,38,29,67,38,0,1,66,3,35.5,34.8,26.9,61.7,537,844,1,0.76,1.76,1,1.76,0.94,0.71,1.64,0.91,1.62
Norwich City,30,26,49.3,38,418,"3,420",38,25,18,43,23,2,2,68,3,37,35.4,27.4,62.8,673,1169,0.66,0.47,1.13,0.61,1.08,0.97,0.72,1.69,0.93,1.65
Sheffield Utd,26,26.9,43.1,38,418,"3,420",38,36,25,61,35,1,1,63,2,43,42.2,34,76.3,493,1352,0.95,0.66,1.61,0.92,1.58,1.13,0.9,2.03,1.11,2.01
Southampton,25,25.9,48.9,38,418,"3,420",38,51,32,83,49,2,5,55,4,56.1,52.1,36.4,88.5,628,1335,1.34,0.84,2.18,1.29,2.13,1.48,0.96,2.43,1.37,2.33
Tottenham,29,26.7,52,38,418,"3,420",38,56,39,95,53,3,4,84,3,47.9,44.7,32.6,77.3,768,1410,1.47,1.03,2.5,1.39,2.42,1.26,0.86,2.12,1.18,2.03
Watford,26,28.9,42.9,38,418,"3,420",38,35,21,56,28,7,8,80,3,48.9,42.6,31.4,74,578,1168,0.92,0.55,1.47,0.74,1.29,1.29,0.83,2.11,1.12,1.95
West Ham,29,27.4,44.1,38,418,"3,420",38,49,36,85,45,4,4,64,1,48.6,45.4,36.7,82.2,666,1377,1.29,0.95,2.24,1.18,2.13,1.28,0.97,2.24,1.2,2.16
Wolves,21,26.6,48.3,38,418,"3,420",38,49,34,83,45,4,4,61,2,54.1,51,37.5,88.5,858,1338,1.29,0.89,2.18,1.18,2.08,1.42,0.99,2.41,1.34,2.33
,,,,,,,,,,,,,,,,,,,,,,,,,,,,,,,
"Totals may not be complete for all senior-level play, see coverage note.",,,,,,,,,,,,,,,,,,,,,,,,,,,,,,,
"Expected Goals (xG explained) and other Advanced Data provided by Opta, and is available for these competitions.",,,,,,,,,,,,,,,,,,,,,,,,,,,,,,,
,,,,,,,,,,,,,,,,,,,,,,,,,,,,,,,
Squad Goalkeeping 2019-2020 Premier League,,,,,,,,,,,,,,,,,,,,,,,,,,,,,,,
,,,,,,,,,,,,,,,,,,,,,,,,,,,,,,,
View Player Stats,,,,,,,,,,,,,,,,,,,,,,,,,,,,,,,
Advanced Goalkeeping,,,,,,,,,,,,,,,,,,,,,,,,,,,,,,,
,,,,,,,,,,,,,,,,,,,,,,,,,,,,,,,
Glossary,,,,,,,,,,,,,,,,,,,,,,,,,,,,,,,
Toggle Per90 Stats,,,,,,,,,,,,,,,,,,,,,,,,,,,,,,,
Squad Stats,,,,,,,,,,,,,,,,,,,,,,,,,,,,,,,
Opponent Stats,,,,,,,,,,,,,,,,,,,,,,,,,,,,,,,
,,Playing Time,,,,Performance,,,,,,,,,,Penalty Kicks,,,,,,,,,,,,,,,
Squad,# Pl,MP,Starts,Min,90s,GA,GA90,SoTA,Saves,Save%,W,D,L,CS,CS%,PKatt,PKA,PKsv,PKm,Save%,,,,,,,,,,,
Arsenal,2,38,38,"3,420",38,48,1.26,193,144,78.8,14,14,10,10,26.3,8,7,1,0,12.5,,,,,,,,,,,
Aston Villa,4,38,38,"3,420",38,67,1.76,182,115,65.9,9,8,21,7,18.4,6,5,1,0,16.7,,,,,,,,,,,
Bournemouth,2,38,38,"3,420",38,65,1.71,192,126,68.8,9,7,22,5,13.2,6,5,1,0,16.7,,,,,,,,,,,
Brighton,1,38,38,"3,420",38,54,1.42,168,116,69,9,14,15,9,23.7,2,2,0,0,0,,,,,,,,,,,
Burnley,1,38,38,"3,420",38,50,1.32,167,117,72.5,15,9,14,15,39.5,5,4,1,0,20,,,,,,,,,,,
Chelsea,2,38,38,"3,420",38,54,1.42,115,64,54.8,20,6,12,9,23.7,2,2,0,0,0,,,,,,,,,,,
Crystal Palace,2,38,38,"3,420",38,50,1.32,172,124,70.9,11,10,17,10,26.3,1,0,0,1,,,,,,,,,,,,
Everton,1,38,38,"3,420",38,56,1.47,147,94,63.9,13,10,15,9,23.7,4,3,0,1,0,,,,,,,,,,,
Leicester City,1,38,38,"3,420",38,41,1.08,135,94,75.6,18,8,12,13,34.2,10,8,2,0,20,,,,,,,,,,,
Liverpool,2,38,38,"3,418",38,33,0.87,107,75,70.1,32,3,3,15,39.5,1,1,0,0,0,,,,,,,,,,,
Manchester City,2,38,38,"3,418",38,35,0.92,110,76,70.9,26,3,9,17,44.7,3,3,0,0,0,,,,,,,,,,,
Manchester Utd,1,38,38,"3,420",38,36,0.95,131,96,74.8,18,12,8,13,34.2,3,3,0,0,0,,,,,,,,,,,
Newcastle Utd,1,38,38,"3,420",38,58,1.53,195,139,71.3,11,11,16,11,28.9,2,2,0,0,0,,,,,,,,,,,
Norwich City,3,38,38,"3,420",38,75,1.97,210,135,66.2,5,6,27,5,13.2,7,4,3,0,42.9,,,,,,,,,,,
Sheffield Utd,2,38,38,"3,420",38,39,1.03,139,99,72.7,14,12,12,13,34.2,3,1,1,1,50,,,,,,,,,,,
Southampton,2,38,38,"3,420",38,60,1.58,168,108,66.1,15,7,16,9,23.7,4,3,1,0,25,,,,,,,,,,,
Tottenham,2,38,38,"3,420",38,47,1.24,181,134,76.8,16,11,11,8,21.1,7,5,2,0,28.6,,,,,,,,,,,
Watford,1,38,38,"3,420",38,64,1.68,178,116,68.5,8,10,20,9,23.7,9,8,1,0,11.1,,,,,,,,,,,
West Ham,4,38,38,"3,420",38,62,1.63,187,127,69.5,10,9,19,7,18.4,6,5,1,0,16.7,,,,,,,,,,,
Wolves,1,38,38,"3,420",38,40,1.05,129,88,69.8,15,14,9,13,34.2,3,1,2,0,66.7,,,,,,,,,,,
,,,,,,,,,,,,,,,,,,,,,,,,,,,,,,,
"Totals may not be complete for all senior-level play, see coverage note.",,,,,,,,,,,,,,,,,,,,,,,,,,,,,,,
,,,,,,,,,,,,,,,,,,,,,,,,,,,,,,,
Squad Advanced Goalkeeping 2019-2020 Premier League,,,,,,,,,,,,,,,,,,,,,,,,,,,,,,,
,,,,,,,,,,,,,,,,,,,,,,,,,,,,,,,
View Player Stats,,,,,,,,,,,,,,,,,,,,,,,,,,,,,,,
,,,,,,,,,,,,,,,,,,,,,,,,,,,,,,,
Glossary,,,,,,,,,,,,,,,,,,,,,,,,,,,,,,,
Toggle Per90 Stats,,,,,,,,,,,,,,,,,,,,,,,,,,,,,,,
Squad Stats,,,,,,,,,,,,,,,,,,,,,,,,,,,,,,,
Opponent Stats,,,,,,,,,,,,,,,,,,,,,,,,,,,,,,,
,,,Goals,,,,,Expected,,,,Launched,,,Passes,,,,Goal Kicks,,,Crosses,,,Sweeper,,,,,,
Squad,# Pl,90s,GA,PKA,FK,CK,OG,PSxG,PSxG/SoT,PSxG+/-,/90,Cmp,Att,Cmp%,Att (GK),Thr,Launch%,AvgLen,Att,Launch%,AvgLen,Opp,Stp,Stp%,#OPA,#OPA/90,AvgDist,,,,
Arsenal,2,38,48,7,0,9,0,51.8,0.23,3.8,0.1,92,364,25.3,964,233,24.8,27.9,314,39.8,35.5,606,25,4.1,42,1.11,15.6,,,,
Aston Villa,4,38,67,5,1,9,1,51.6,0.25,-14.4,-0.38,240,665,36.1,862,179,50.1,40,343,67.9,49.4,628,23,3.7,28,0.74,9.9,,,,
Bournemouth,2,38,65,5,4,4,0,62.6,0.3,-2.4,-0.06,185,616,30,866,190,47.5,29.2,295,69.5,53.2,603,20,3.3,26,0.68,13.3,,,,
Brighton,1,38,54,2,0,7,2,50.2,0.29,-1.8,-0.05,207,412,50.2,1201,255,25.3,29,274,39.4,33.4,526,20,3.8,26,0.68,13.7,,,,
Burnley,1,38,50,4,0,7,1,45.7,0.25,-3.3,-0.09,263,870,30.2,883,180,67.6,47.1,304,89.8,63.7,623,52,8.3,48,1.26,14.9,,,,
Chelsea,2,38,54,2,2,9,3,37.5,0.31,-13.5,-0.36,102,302,33.8,1028,168,22,31.4,226,33.6,32.7,389,21,5.4,38,1,16,,,,
Crystal Palace,2,38,50,0,1,5,2,55.7,0.34,7.7,0.2,237,710,33.4,848,180,53.4,48.9,313,82.1,57.4,651,23,3.5,27,0.71,13.2,,,,
Everton,1,38,56,3,3,5,3,50.2,0.32,-2.8,-0.07,270,730,37,1104,195,51.3,40.1,275,59.6,46.8,510,24,4.7,25,0.66,13.4,,,,
Leicester City,1,38,41,8,0,5,2,44.3,0.26,5.3,0.14,180,398,45.2,951,159,31.5,33,241,40.7,36.1,507,14,2.8,34,0.89,17.2,,,,
Liverpool,2,38,33,1,1,2,1,27.1,0.25,-4.9,-0.13,121,288,42,1017,191,21.9,27.4,239,27.2,30.3,426,17,4,77,2.03,19.2,,,,
Manchester City,2,38,35,3,1,4,1,34.1,0.29,0.1,0,92,227,40.5,1047,195,16.6,28,167,31.7,31.6,323,15,4.6,64,1.69,11,,,,
Manchester Utd,1,38,36,3,1,8,1,34.7,0.25,-0.3,-0.01,83,262,31.7,672,153,28.4,30.6,268,26.5,29,489,10,2,22,0.58,15,,,,
Newcastle Utd,1,38,58,2,3,8,2,63,0.32,7,0.18,288,750,38.4,749,119,60.7,42,340,86.8,58.3,686,21,3.1,26,0.68,11.6,,,,
Norwich City,3,38,75,4,1,11,3,66.5,0.29,-5.5,-0.14,173,622,27.8,1292,211,36,22.7,349,45,38.6,682,30,4.4,26,0.68,11.3,,,,
Sheffield Utd,2,38,39,1,0,2,0,43.7,0.32,4.7,0.12,270,872,31,816,110,74.4,51.2,272,97.4,69.1,572,20,3.5,23,0.61,7,,,,
Southampton,2,38,60,3,1,5,1,54.7,0.31,-4.3,-0.11,229,706,32.4,824,103,59.8,41.6,255,83.5,56.2,578,29,5,39,1.03,12.8,,,,
Tottenham,2,38,47,5,1,4,2,53,0.26,8,0.21,167,484,34.5,798,160,39.7,33.3,292,57.2,41.7,574,23,4,24,0.63,17.6,,,,
Watford,1,38,64,8,3,7,3,62.6,0.31,1.6,0.04,302,923,32.7,912,118,71.7,46.9,295,91.2,62.2,581,30,5.2,55,1.45,15.9,,,,
West Ham,4,38,62,5,2,6,3,60.5,0.3,1.5,0.04,288,743,38.8,773,142,62.7,44.6,291,88.7,58.9,600,12,2,22,0.58,15,,,,
Wolves,1,38,40,1,1,6,1,35.5,0.26,-3.5,-0.09,250,528,47.3,578,127,53.1,39,283,78.1,48.7,530,20,3.8,11,0.29,11.7,,,,
,,,,,,,,,,,,,,,,,,,,,,,,,,,,,,,
"Totals may not be complete for all senior-level play, see coverage note.",,,,,,,,,,,,,,,,,,,,,,,,,,,,,,,
"Expected Goals (xG explained) and other Advanced Data provided by Opta, and is available for these competitions.",,,,,,,,,,,,,,,,,,,,,,,,,,,,,,,
,,,,,,,,,,,,,,,,,,,,,,,,,,,,,,,
Squad Shooting 2019-2020 Premier League,,,,,,,,,,,,,,,,,,,,,,,,,,,,,,,
,,,,,,,,,,,,,,,,,,,,,,,,,,,,,,,
View Player Stats,,,,,,,,,,,,,,,,,,,,,,,,,,,,,,,
,,,,,,,,,,,,,,,,,,,,,,,,,,,,,,,
Glossary,,,,,,,,,,,,,,,,,,,,,,,,,,,,,,,
Toggle Per90 Stats,,,,,,,,,,,,,,,,,,,,,,,,,,,,,,,
Squad Stats,,,,,,,,,,,,,,,,,,,,,,,,,,,,,,,
Opponent Stats,,,,,,,,,,,,,,,,,,,,,,,,,,,,,,,
,,,Standard,,,,,,,,,,,,Expected,,,,,,,,,,,,,,,,
Squad,# Pl,90s,Gls,Sh,SoT,SoT%,Sh/90,SoT/90,G/Sh,G/SoT,Dist,FK,PK,PKatt,xG,npxG,npxG/Sh,G-xG,np:G-xG,,,,,,,,,,,,
Arsenal,29,38,56,403,146,36.2,10.61,3.84,0.13,0.36,16.4,19,3,3,47,44.6,0.11,9,8.4,,,,,,,,,,,,
Aston Villa,28,38,40,453,147,32.5,11.92,3.87,0.09,0.27,17.5,21,1,3,44.3,41.8,0.09,-4.3,-2.8,,,,,,,,,,,,
Bournemouth,27,38,38,385,117,30.4,10.13,3.08,0.09,0.29,17.3,21,4,4,44.8,41.7,0.11,-6.8,-7.7,,,,,,,,,,,,
Brighton,25,38,35,460,139,30.2,12.11,3.66,0.07,0.24,17.6,11,1,2,45.4,43.8,0.1,-10.4,-9.8,,,,,,,,,,,,
Burnley,22,38,41,384,124,32.3,10.11,3.26,0.1,0.31,16.4,18,3,3,47.4,45.3,0.12,-6.4,-7.3,,,,,,,,,,,,
Chelsea,27,38,69,618,210,34,16.26,5.53,0.1,0.3,16.6,29,7,7,69.2,64.4,0.11,-0.2,-2.4,,,,,,,,,,,,
Crystal Palace,25,38,29,373,115,30.8,9.82,3.03,0.07,0.23,17,15,3,3,35.8,33.6,0.09,-6.8,-7.6,,,,,,,,,,,,
Everton,24,38,42,468,159,34,12.32,4.18,0.09,0.26,16.4,20,1,1,50.8,50,0.11,-8.8,-9,,,,,,,,,,,,
Leicester City,24,38,65,533,183,34.3,14.03,4.82,0.11,0.33,17.4,20,5,7,62.2,56.7,0.11,2.8,3.3,,,,,,,,,,,,
Liverpool,24,38,83,586,224,38.2,15.42,5.89,0.13,0.35,16.5,20,5,5,68.9,65,0.11,14.1,13,,,,,,,,,,,,
Manchester City,24,38,100,735,250,34,19.34,6.58,0.13,0.38,16.4,27,6,11,92,83.6,0.12,8,10.4,,,,,,,,,,,,
Manchester Utd,29,38,65,530,201,37.9,13.95,5.29,0.1,0.27,19.1,33,10,14,62.2,51.2,0.1,2.8,3.8,,,,,,,,,,,,
Newcastle Utd,28,38,38,398,132,33.2,10.47,3.47,0.1,0.29,19.1,14,0,1,35.5,34.8,0.09,2.5,3.2,,,,,,,,,,,,
Norwich City,30,38,25,407,126,31,10.71,3.32,0.06,0.18,18,16,2,2,37,35.4,0.09,-12,-12.4,,,,,,,,,,,,
Sheffield Utd,26,38,36,352,109,31,9.26,2.87,0.1,0.32,15.2,4,1,1,43,42.2,0.12,-7,-7.2,,,,,,,,,,,,
Southampton,25,38,51,494,171,34.6,13,4.5,0.1,0.29,17.8,27,2,5,56.1,52.1,0.11,-5.1,-3.1,,,,,,,,,,,,
Tottenham,29,38,56,440,154,35,11.58,4.05,0.12,0.34,18.4,21,3,4,47.9,44.7,0.1,8.1,8.3,,,,,,,,,,,,
Watford,26,38,35,416,112,26.9,10.95,2.95,0.07,0.25,17.3,18,7,8,48.9,42.6,0.1,-13.9,-14.6,,,,,,,,,,,,
West Ham,29,38,49,413,156,37.8,10.87,4.11,0.11,0.29,16.4,13,4,4,48.6,45.4,0.11,0.4,-0.4,,,,,,,,,,,,
Wolves,21,38,49,457,142,31.1,12.03,3.74,0.1,0.32,17.4,13,4,4,54.1,51,0.11,-5.1,-6,,,,,,,,,,,,
,,,,,,,,,,,,,,,,,,,,,,,,,,,,,,,
"Totals may not be complete for all senior-level play, see coverage note.",,,,,,,,,,,,,,,,,,,,,,,,,,,,,,,
"Expected Goals (xG explained) and other Advanced Data provided by Opta, and is available for these competitions.",,,,,,,,,,,,,,,,,,,,,,,,,,,,,,,
,,,,,,,,,,,,,,,,,,,,,,,,,,,,,,,
Squad Passing 2019-2020 Premier League,,,,,,,,,,,,,,,,,,,,,,,,,,,,,,,
,,,,,,,,,,,,,,,,,,,,,,,,,,,,,,,
View Player Stats,,,,,,,,,,,,,,,,,,,,,,,,,,,,,,,
,,,,,,,,,,,,,,,,,,,,,,,,,,,,,,,
Glossary,,,,,,,,,,,,,,,,,,,,,,,,,,,,,,,
Toggle Per90 Stats,,,,,,,,,,,,,,,,,,,,,,,,,,,,,,,
Squad Stats,,,,,,,,,,,,,,,,,,,,,,,,,,,,,,,
Opponent Stats,,,,,,,,,,,,,,,,,,,,,,,,,,,,,,,
,,,Total,,,,,Short,,,Medium,,,Long,,,,,Expected,,,,,,,,,,,,
Squad,# Pl,90s,Cmp,Att,Cmp%,TotDist,PrgDist,Cmp,Att,Cmp%,Cmp,Att,Cmp%,Cmp,Att,Cmp%,Ast,xAG,xA,A-xAG,KP,3-Jan,PPA,CrsPA,PrgP,,,,,,
Arsenal,29,38,16634,20410,81.5,292657,94450,7259,8103,89.6,7300,8331,87.6,1596,2772,57.6,35,31.4,28.5,3.6,298,1164,311,63,1641,,,,,,
Aston Villa,28,38,11652,15672,74.3,217478,84204,5074,5895,86.1,4810,5882,81.8,1480,3002,49.3,32,34.2,27.7,-2.2,369,908,270,95,1247,,,,,,
Bournemouth,27,38,12042,16387,73.5,208869,82509,5798,6832,84.9,4689,5821,80.6,1231,2655,46.4,24,30.6,25.7,-6.6,280,921,227,49,1256,,,,,,
Brighton,25,38,15881,20056,79.2,290667,102483,6755,7803,86.6,7139,8265,86.4,1701,3003,56.6,24,31.6,27.3,-7.6,343,1124,294,62,1675,,,,,,
Burnley,22,38,10049,14694,68.4,181797,76083,4700,5595,84,3686,4854,75.9,1295,3221,40.2,30,32.4,28.5,-2.4,280,787,217,99,890,,,,,,
Chelsea,27,38,20958,25213,83.1,352088,108966,9753,10903,89.5,8527,9698,87.9,1843,2989,61.7,46,46.7,42.3,-0.7,459,1463,411,108,1897,,,,,,
Crystal Palace,25,38,12274,16395,74.9,212859,86923,5857,6822,85.9,4679,5712,81.9,1307,2747,47.6,20,26,24.4,-6,265,910,243,47,1223,,,,,,
Everton,24,38,13433,17736,75.7,248821,94797,5670,6722,84.3,5545,6642,83.5,1728,3126,55.3,32,38.1,31.5,-6.1,340,987,288,93,1430,,,,,,
Leicester City,24,38,17600,21800,80.7,304569,102390,8018,9016,88.9,7415,8600,86.2,1655,2913,56.8,48,44.9,35.3,3.1,405,1283,313,72,1612,,,,,,
Liverpool,24,38,21276,25891,82.2,370796,117058,9557,10648,89.8,9007,10345,87.1,2038,3458,58.9,69,53,46.8,16,454,1630,477,93,1941,,,,,,
Manchester City,24,38,24557,28190,87.1,410039,117432,11773,12714,92.6,9821,10885,90.2,2121,2963,71.6,69,68.4,62.7,0.6,582,1819,553,89,2460,,,,,,
Manchester Utd,29,38,17744,21725,81.7,294732,95208,8697,9751,89.2,6891,7957,86.6,1555,2646,58.8,43,38.5,36.2,4.5,402,1350,341,50,1788,,,,,,
Newcastle Utd,28,38,10606,14566,72.8,189511,75573,4963,5792,85.7,3781,4800,78.8,1351,2818,47.9,29,26.9,19.1,2.1,299,685,181,62,844,,,,,,
Norwich City,30,38,14965,18869,79.3,243176,86282,7717,8664,89.1,5301,6196,85.6,1336,2696,49.6,18,27.4,23.6,-9.4,304,913,210,32,1169,,,,,,
Sheffield Utd,26,38,12125,16858,71.9,222335,83887,5714,6687,85.4,4480,5657,79.2,1579,3404,46.4,25,34,29.7,-9,269,1053,282,97,1352,,,,,,
Southampton,25,38,12488,17468,71.5,218809,83466,5869,7035,83.4,5027,6478,77.6,1240,2921,42.5,32,36.4,28.7,-4.4,340,1019,282,70,1335,,,,,,
Tottenham,29,38,16101,20296,79.3,268557,90635,7859,8877,88.5,6303,7463,84.5,1350,2655,50.8,39,32.6,28.2,6.4,339,1077,283,47,1410,,,,,,
Watford,26,38,11230,15775,71.2,192764,78762,5578,6640,84,3901,5075,76.9,1244,2868,43.4,21,31.4,27.6,-10.4,303,848,253,69,1168,,,,,,
West Ham,29,38,12451,16861,73.8,221660,89417,6048,7124,84.9,4538,5680,79.9,1515,2997,50.6,36,36.7,33.4,-0.7,328,1083,244,80,1377,,,,,,
Wolves,21,38,14298,18474,77.4,266628,97026,5979,6942,86.1,5777,6928,83.4,1985,3308,60,34,37.5,30,-3.5,339,1015,223,83,1338,,,,,,
,,,,,,,,,,,,,,,,,,,,,,,,,,,,,,,
"Totals may not be complete for all senior-level play, see coverage note.",,,,,,,,,,,,,,,,,,,,,,,,,,,,,,,
"Expected Goals (xG explained) and other Advanced Data provided by Opta, and is available for these competitions.",,,,,,,,,,,,,,,,,,,,,,,,,,,,,,,
,,,,,,,,,,,,,,,,,,,,,,,,,,,,,,,
Squad Pass Types 2019-2020 Premier League,,,,,,,,,,,,,,,,,,,,,,,,,,,,,,,
,,,,,,,,,,,,,,,,,,,,,,,,,,,,,,,
View Player Stats,,,,,,,,,,,,,,,,,,,,,,,,,,,,,,,
,,,,,,,,,,,,,,,,,,,,,,,,,,,,,,,
Glossary,,,,,,,,,,,,,,,,,,,,,,,,,,,,,,,
Toggle Per90 Stats,,,,,,,,,,,,,,,,,,,,,,,,,,,,,,,
Squad Stats,,,,,,,,,,,,,,,,,,,,,,,,,,,,,,,
Opponent Stats,,,,,,,,,,,,,,,,,,,,,,,,,,,,,,,
,,,,Pass Types,,,,,,,,Corner Kicks,,,Outcomes,,,,,,,,,,,,,,,,
Squad,# Pl,90s,Att,Live,Dead,FK,TB,Sw,Crs,TI,CK,In,Out,Str,Cmp,Off,Blocks,,,,,,,,,,,,,,
Arsenal,29,38,20410,18463,1874,487,67,153,699,756,231,96,71,3,16634,73,320,,,,,,,,,,,,,,
Aston Villa,28,38,15672,13604,2006,562,17,153,798,797,200,109,34,8,11652,62,307,,,,,,,,,,,,,,
Bournemouth,27,38,16387,14488,1832,450,28,92,646,790,194,104,57,0,12042,67,390,,,,,,,,,,,,,,
Brighton,25,38,20056,18194,1791,394,34,200,689,853,178,78,78,0,15881,71,365,,,,,,,,,,,,,,
Burnley,22,38,14694,12767,1838,408,29,99,743,868,170,158,1,0,10049,89,287,,,,,,,,,,,,,,
Chelsea,27,38,25213,23308,1842,401,61,215,862,876,247,106,82,2,20958,63,361,,,,,,,,,,,,,,
Crystal Palace,25,38,16395,14377,1965,501,19,79,588,886,177,93,32,36,12274,53,318,,,,,,,,,,,,,,
Everton,24,38,17736,15790,1888,463,55,165,804,853,203,105,80,2,13433,58,362,,,,,,,,,,,,,,
Leicester City,24,38,21800,19817,1919,495,68,126,779,883,221,70,100,7,17600,64,368,,,,,,,,,,,,,,
Liverpool,24,38,25891,23952,1886,440,68,283,896,879,257,63,125,2,21276,53,343,,,,,,,,,,,,,,
Manchester City,24,38,28190,26549,1573,352,85,243,915,684,298,113,54,7,24557,68,329,,,,,,,,,,,,,,
Manchester Utd,29,38,21725,19836,1833,466,64,171,635,822,204,86,63,11,17744,56,381,,,,,,,,,,,,,,
Newcastle Utd,28,38,14566,12726,1765,463,18,151,591,715,151,68,45,13,10606,75,304,,,,,,,,,,,,,,
Norwich City,30,38,18869,16961,1858,461,47,124,473,773,162,75,77,2,14965,50,373,,,,,,,,,,,,,,
Sheffield Utd,26,38,16858,14962,1818,375,15,206,866,882,212,150,18,18,12125,78,341,,,,,,,,,,,,,,
Southampton,25,38,17468,15450,1960,448,27,133,690,950,210,106,87,5,12488,58,331,,,,,,,,,,,,,,
Tottenham,29,38,20296,18404,1826,464,79,113,641,785,200,116,51,1,16101,66,344,,,,,,,,,,,,,,
Watford,26,38,15775,13907,1800,398,11,134,684,838,167,92,49,2,11230,68,285,,,,,,,,,,,,,,
West Ham,29,38,16861,14967,1828,432,38,156,737,815,190,111,54,6,12451,66,358,,,,,,,,,,,,,,
Wolves,21,38,18474,16650,1775,405,40,203,718,816,193,55,80,0,14298,49,323,,,,,,,,,,,,,,
,,,,,,,,,,,,,,,,,,,,,,,,,,,,,,,
"Totals may not be complete for all senior-level play, see coverage note.",,,,,,,,,,,,,,,,,,,,,,,,,,,,,,,
"Expected Goals (xG explained) and other Advanced Data provided by Opta, and is available for these competitions.",,,,,,,,,,,,,,,,,,,,,,,,,,,,,,,
,,,,,,,,,,,,,,,,,,,,,,,,,,,,,,,
Squad Goal and Shot Creation 2019-2020 Premier League,,,,,,,,,,,,,,,,,,,,,,,,,,,,,,,
,,,,,,,,,,,,,,,,,,,,,,,,,,,,,,,
View Player Stats,,,,,,,,,,,,,,,,,,,,,,,,,,,,,,,
,,,,,,,,,,,,,,,,,,,,,,,,,,,,,,,
Glossary,,,,,,,,,,,,,,,,,,,,,,,,,,,,,,,
Toggle Per90 Stats,,,,,,,,,,,,,,,,,,,,,,,,,,,,,,,
Squad Stats,,,,,,,,,,,,,,,,,,,,,,,,,,,,,,,
Opponent Stats,,,,,,,,,,,,,,,,,,,,,,,,,,,,,,,
,,,SCA,,SCA Types,,,,,,GCA,,GCA Types,,,,,,,,,,,,,,,,,,
Squad,# Pl,90s,SCA,SCA90,PassLive,PassDead,TO,Sh,Fld,Def,GCA,GCA90,PassLive,PassDead,TO,Sh,Fld,Def,,,,,,,,,,,,,
Arsenal,29,38,709,18.66,501,59,52,48,33,16,85,2.24,57,5,4,9,4,6,,,,,,,,,,,,,
Aston Villa,28,38,828,21.79,599,88,42,36,56,7,72,1.89,48,8,5,4,7,0,,,,,,,,,,,,,
Bournemouth,27,38,669,17.61,472,69,34,39,47,8,63,1.66,36,6,7,8,6,0,,,,,,,,,,,,,
Brighton,25,38,804,21.16,599,73,39,48,40,5,65,1.71,44,9,5,2,5,0,,,,,,,,,,,,,
Burnley,22,38,667,17.55,459,83,27,44,45,9,71,1.87,47,10,4,6,3,1,,,,,,,,,,,,,
Chelsea,27,38,1121,29.5,847,86,57,64,52,15,123,3.24,86,6,10,9,10,2,,,,,,,,,,,,,
Crystal Palace,25,38,643,16.92,427,68,57,36,46,9,53,1.39,37,3,4,4,5,0,,,,,,,,,,,,,
Everton,24,38,805,21.18,536,86,47,69,51,16,67,1.76,47,4,4,9,3,0,,,,,,,,,,,,,
Leicester City,24,38,969,25.5,707,73,75,48,56,10,116,3.05,91,3,11,4,5,2,,,,,,,,,,,,,
Liverpool,24,38,1044,27.47,800,77,60,54,36,17,148,3.89,108,11,10,9,8,2,,,,,,,,,,,,,
Manchester City,24,38,1356,35.68,1040,72,101,75,53,15,173,4.55,123,6,16,14,12,2,,,,,,,,,,,,,
Manchester Utd,29,38,978,25.74,766,50,62,36,56,8,112,2.95,86,4,7,2,12,1,,,,,,,,,,,,,
Newcastle Utd,28,38,705,18.55,491,75,55,38,37,9,62,1.63,41,6,4,6,4,1,,,,,,,,,,,,,
Norwich City,30,38,717,18.87,522,56,47,47,35,10,43,1.13,34,2,2,2,1,2,,,,,,,,,,,,,
Sheffield Utd,26,38,630,16.58,457,62,44,38,23,6,63,1.66,47,3,6,6,1,0,,,,,,,,,,,,,
Southampton,25,38,843,22.18,560,74,70,53,60,26,77,2.03,41,3,15,8,7,3,,,,,,,,,,,,,
Tottenham,29,38,779,20.5,589,43,54,37,38,18,94,2.47,62,3,13,10,4,2,,,,,,,,,,,,,
Watford,26,38,725,19.08,498,69,45,42,56,15,58,1.53,34,6,3,4,8,3,,,,,,,,,,,,,
West Ham,29,38,735,19.34,514,78,42,42,47,12,89,2.34,62,7,5,7,8,0,,,,,,,,,,,,,
Wolves,21,38,801,21.08,541,70,79,47,46,18,83,2.18,53,6,9,8,7,0,,,,,,,,,,,,,
,,,,,,,,,,,,,,,,,,,,,,,,,,,,,,,
"Totals may not be complete for all senior-level play, see coverage note.",,,,,,,,,,,,,,,,,,,,,,,,,,,,,,,
"Expected Goals (xG explained) and other Advanced Data provided by Opta, and is available for these competitions.",,,,,,,,,,,,,,,,,,,,,,,,,,,,,,,
,,,,,,,,,,,,,,,,,,,,,,,,,,,,,,,
Squad Defensive Actions 2019-2020 Premier League,,,,,,,,,,,,,,,,,,,,,,,,,,,,,,,
,,,,,,,,,,,,,,,,,,,,,,,,,,,,,,,
View Player Stats,,,,,,,,,,,,,,,,,,,,,,,,,,,,,,,
,,,,,,,,,,,,,,,,,,,,,,,,,,,,,,,
Glossary,,,,,,,,,,,,,,,,,,,,,,,,,,,,,,,
Toggle Per90 Stats,,,,,,,,,,,,,,,,,,,,,,,,,,,,,,,
Squad Stats,,,,,,,,,,,,,,,,,,,,,,,,,,,,,,,
Opponent Stats,,,,,,,,,,,,,,,,,,,,,,,,,,,,,,,
,,,Tackles,,,,,Challenges,,,,Blocks,,,,,,,,,,,,,,,,,,,
Squad,# Pl,90s,Tkl,TklW,Def 3rd,Mid 3rd,Att 3rd,Tkl,Att,Tkl%,Lost,Blocks,Sh,Pass,Int,Tkl+Int,Clr,Err,,,,,,,,,,,,,
Arsenal,29,38,584,336,296,217,71,249,612,40.7,363,398,141,257,351,935,754,18,,,,,,,,,,,,,
Aston Villa,28,38,523,291,285,174,64,223,597,37.4,374,456,184,272,423,946,928,26,,,,,,,,,,,,,
Bournemouth,27,38,507,299,254,206,47,207,567,36.5,360,439,160,279,475,982,1008,16,,,,,,,,,,,,,
Brighton,25,38,641,379,295,269,77,245,642,38.2,397,437,137,300,419,1060,750,15,,,,,,,,,,,,,
Burnley,22,38,547,344,238,241,68,240,585,41,345,450,175,275,387,934,901,15,,,,,,,,,,,,,
Chelsea,27,38,638,362,304,258,76,246,604,40.7,358,361,91,270,459,1097,631,14,,,,,,,,,,,,,
Crystal Palace,25,38,686,390,367,244,75,316,711,44.4,395,399,135,264,444,1130,856,18,,,,,,,,,,,,,
Everton,24,38,671,408,328,262,81,282,672,42,390,372,111,261,408,1079,778,13,,,,,,,,,,,,,
Leicester City,24,38,742,432,347,320,75,298,725,41.1,427,420,92,328,423,1165,767,16,,,,,,,,,,,,,
Liverpool,24,38,550,325,195,243,112,217,588,36.9,371,302,68,234,352,902,634,25,,,,,,,,,,,,,
Manchester City,24,38,514,301,204,210,100,230,605,38,375,292,66,226,352,866,495,21,,,,,,,,,,,,,
Manchester Utd,29,38,579,333,267,231,81,254,634,40.1,380,360,99,261,379,958,703,14,,,,,,,,,,,,,
Newcastle Utd,28,38,603,357,364,198,41,273,632,43.2,359,402,152,250,391,994,988,19,,,,,,,,,,,,,
Norwich City,30,38,628,379,359,210,59,267,700,38.1,433,453,171,282,397,1025,959,20,,,,,,,,,,,,,
Sheffield Utd,26,38,611,377,304,229,78,261,646,40.4,385,336,106,230,420,1031,931,16,,,,,,,,,,,,,
Southampton,25,38,706,416,325,287,94,324,793,40.9,469,488,124,364,425,1131,867,21,,,,,,,,,,,,,
Tottenham,29,38,665,415,331,281,53,253,681,37.2,428,441,148,293,381,1046,894,24,,,,,,,,,,,,,
Watford,26,38,657,369,347,249,61,267,713,37.4,446,396,135,261,424,1081,869,4,,,,,,,,,,,,,
West Ham,29,38,696,417,374,263,59,300,745,40.3,445,383,117,266,421,1117,789,16,,,,,,,,,,,,,
Wolves,21,38,646,367,358,227,61,281,685,41,404,378,109,269,437,1083,702,23,,,,,,,,,,,,,
,,,,,,,,,,,,,,,,,,,,,,,,,,,,,,,
"Totals may not be complete for all senior-level play, see coverage note.",,,,,,,,,,,,,,,,,,,,,,,,,,,,,,,
"Expected Goals (xG explained) and other Advanced Data provided by Opta, and is available for these competitions.",,,,,,,,,,,,,,,,,,,,,,,,,,,,,,,
,,,,,,,,,,,,,,,,,,,,,,,,,,,,,,,
Squad Possession 2019-2020 Premier League,,,,,,,,,,,,,,,,,,,,,,,,,,,,,,,
,,,,,,,,,,,,,,,,,,,,,,,,,,,,,,,
View Player Stats,,,,,,,,,,,,,,,,,,,,,,,,,,,,,,,
,,,,,,,,,,,,,,,,,,,,,,,,,,,,,,,
Glossary,,,,,,,,,,,,,,,,,,,,,,,,,,,,,,,
Toggle Per90 Stats,,,,,,,,,,,,,,,,,,,,,,,,,,,,,,,
Squad Stats,,,,,,,,,,,,,,,,,,,,,,,,,,,,,,,
Opponent Stats,,,,,,,,,,,,,,,,,,,,,,,,,,,,,,,
,,,,Touches,,,,,,,Take-Ons,,,,,Carries,,,,,,,,Receiving,,,,,,,
Squad,# Pl,Poss,90s,Touches,Def Pen,Def 3rd,Mid 3rd,Att 3rd,Att Pen,Live,Att,Succ,Succ%,Tkld,Tkld%,Carries,TotDist,PrgDist,PrgC,3-Jan,CPA,Mis,Dis,Rec,PrgR,,,,,,
Arsenal,29,53.8,38,24424,2737,8368,10648,5628,821,24421,697,411,59,286,41,14410,85069,46708,815,534,209,547,370,16527,1630,,,,,,
Aston Villa,28,44.1,38,19977,2658,7038,8203,4969,695,19974,569,352,61.9,217,38.1,10317,61373,31557,639,476,139,546,313,11546,1229,,,,,,
Bournemouth,27,44.1,38,20872,2556,7472,8683,4916,717,20868,602,325,54,277,46,12070,62723,31212,601,424,136,571,384,11946,1238,,,,,,
Brighton,25,52.2,38,24387,2721,8174,10724,5693,770,24385,584,335,57.4,249,42.6,13074,73950,37898,669,502,165,626,399,15782,1661,,,,,,
Burnley,22,41.9,38,18827,2224,5596,8993,4410,617,18823,454,246,54.2,208,45.8,8828,46545,21653,437,352,71,509,291,9969,882,,,,,,
Chelsea,27,60.4,38,29489,2281,8311,13996,7423,1063,29482,718,460,64.1,258,35.9,18488,98638,51643,983,725,222,583,414,20848,1880,,,,,,
Crystal Palace,25,44.8,38,20928,2377,7276,9017,4876,793,20925,698,432,61.9,266,38.1,10305,58519,29301,596,428,198,611,479,12187,1208,,,,,,
Everton,24,49,38,22035,2514,7389,9561,5301,838,22034,609,374,61.4,235,38.6,12432,65428,32588,623,502,146,593,345,13344,1421,,,,,,
Leicester City,24,57.1,38,26247,2187,7814,12226,6415,925,26240,688,377,54.8,311,45.2,16018,77180,39583,739,561,223,602,328,17485,1601,,,,,,
Liverpool,24,62.9,38,29748,2077,7168,14888,7908,1193,29743,658,387,58.8,271,41.2,20165,94607,50195,967,782,252,607,306,21151,1925,,,,,,
Manchester City,24,66.2,38,31884,2009,6806,15609,9720,1473,31873,721,487,67.5,235,32.6,23022,118327,66426,1199,964,377,456,341,24428,2453,,,,,,
Manchester Utd,29,55.8,38,25838,2167,7222,11840,6993,878,25824,747,446,59.7,301,40.3,14498,83016,46282,926,681,255,559,396,17632,1779,,,,,,
Newcastle Utd,28,39,38,18910,2401,7096,8182,3875,542,18909,674,400,59.3,274,40.7,9916,54616,27300,537,426,138,594,288,10525,826,,,,,,
Norwich City,30,49.3,38,23409,3125,9058,9868,4701,661,23407,706,427,60.5,278,39.4,14090,74844,38544,673,476,177,591,405,14835,1159,,,,,,
Sheffield Utd,26,43.1,38,21000,2180,6190,8918,6070,733,20999,535,346,64.7,187,35,9508,48303,23773,493,375,116,519,292,12015,1334,,,,,,
Southampton,25,48.9,38,22200,2123,6196,10753,5497,811,22196,680,423,62.2,257,37.8,10579,58592,29795,628,459,182,654,362,12363,1308,,,,,,
Tottenham,29,52,38,24729,2568,7603,11826,5549,710,24725,747,449,60.1,297,39.8,15489,76394,39387,768,573,182,577,437,15997,1398,,,,,,
Watford,26,42.9,38,20081,2134,6250,8911,5148,805,20073,576,321,55.7,254,44.1,10429,54446,27529,578,446,162,549,348,11126,1152,,,,,,
West Ham,29,44.1,38,20992,2159,6259,9681,5265,746,20988,663,397,59.9,264,39.8,11154,62359,30132,666,485,168,496,322,12348,1370,,,,,,
Wolves,21,48.3,38,22660,1987,6969,10797,5105,779,22656,817,509,62.3,308,37.7,11543,66813,36391,858,559,229,540,338,14176,1320,,,,,,
,,,,,,,,,,,,,,,,,,,,,,,,,,,,,,,
"Totals may not be complete for all senior-level play, see coverage note.",,,,,,,,,,,,,,,,,,,,,,,,,,,,,,,
"Expected Goals (xG explained) and other Advanced Data provided by Opta, and is available for these competitions.",,,,,,,,,,,,,,,,,,,,,,,,,,,,,,,
,,,,,,,,,,,,,,,,,,,,,,,,,,,,,,,
Squad Playing Time 2019-2020 Premier League,,,,,,,,,,,,,,,,,,,,,,,,,,,,,,,
,,,,,,,,,,,,,,,,,,,,,,,,,,,,,,,
View Player Stats,,,,,,,,,,,,,,,,,,,,,,,,,,,,,,,
,,,,,,,,,,,,,,,,,,,,,,,,,,,,,,,
Glossary,,,,,,,,,,,,,,,,,,,,,,,,,,,,,,,
Toggle Per90 Stats,,,,,,,,,,,,,,,,,,,,,,,,,,,,,,,
Squad Stats,,,,,,,,,,,,,,,,,,,,,,,,,,,,,,,
Opponent Stats,,,,,,,,,,,,,,,,,,,,,,,,,,,,,,,
,,,Playing Time,,,,,Starts,,,Subs,,,Team Success,,,,,Team Success (xG),,,,,,,,,,,,
Squad,# Pl,Age,MP,Min,Mn/MP,Min%,90s,Starts,Mn/Start,Compl,Subs,Mn/Sub,unSub,PPM,onG,onGA,+/-,+/-90,onxG,onxGA,xG+/-,xG+/-90,,,,,,,,,
Arsenal,29,25.8,38,"3,420",90,100,38,418,83,,123,21,163,1.47,56,48,8,0.21,47,55.3,-8.3,-0.22,,,,,,,,,
Aston Villa,28,25.7,38,"3,420",90,100,38,418,84,,113,22,173,0.92,41,67,-26,-0.68,44.3,67.8,-23.5,-0.62,,,,,,,,,
Bournemouth,27,25.2,38,"3,420",90,100,38,418,84,,108,23,176,0.89,40,65,-25,-0.66,44.8,62.3,-17.5,-0.46,,,,,,,,,
Brighton,25,26.4,38,"3,420",90,100,38,418,84,,128,20,155,1.08,39,54,-15,-0.39,45.4,55,-9.5,-0.25,,,,,,,,,
Burnley,22,28,38,"3,420",90,100,38,418,86,,74,20,206,1.42,43,50,-7,-0.18,47.4,49.8,-2.4,-0.06,,,,,,,,,
Chelsea,27,25.5,38,"3,420",90,100,38,418,84,,117,20,166,1.74,69,54,15,0.39,69.2,38.6,30.6,0.81,,,,,,,,,
Crystal Palace,25,29.4,38,"3,420",90,100,38,418,85,,98,20,185,1.13,31,50,-19,-0.5,35.8,57,-21.2,-0.56,,,,,,,,,
Everton,24,25.5,38,"3,420",90,100,38,418,83,,120,24,164,1.29,44,56,-12,-0.32,50.8,48.3,2.5,0.07,,,,,,,,,
Leicester City,24,26.1,38,"3,420",90,100,38,418,84,,112,21,172,1.63,67,41,26,0.68,62.2,45.5,16.7,0.44,,,,,,,,,
Liverpool,24,26.6,38,"3,420",90,100,38,418,85,,127,17,157,2.61,85,33,52,1.37,68.9,37.7,31.2,0.82,,,,,,,,,
Manchester City,24,26.9,38,"3,420",90,100,38,418,83,,120,22,166,2.13,102,35,67,1.76,92,36.2,55.7,1.47,,,,,,,,,
Manchester Utd,29,24.8,38,"3,420",90,100,38,418,85,,119,16,165,1.74,66,36,30,0.79,62.2,37.7,24.5,0.64,,,,,,,,,
Newcastle Utd,28,26.5,38,"3,420",90,100,38,418,84,,118,20,166,1.16,38,58,-20,-0.53,35.5,65.6,-30.1,-0.79,,,,,,,,,
Norwich City,30,26,38,"3,420",90,100,38,418,85,,126,17,157,0.55,26,75,-49,-1.29,37,66.5,-29.5,-0.78,,,,,,,,,
Sheffield Utd,26,26.9,38,"3,420",90,100,38,418,84,,110,22,171,1.42,39,39,0,0,43,51,-7.9,-0.21,,,,,,,,,
Southampton,25,25.9,38,"3,420",90,100,38,418,85,,111,18,171,1.37,51,60,-9,-0.24,56.1,52.8,3.3,0.09,,,,,,,,,
Tottenham,29,26.7,38,"3,420",90,100,38,418,85,,113,18,171,1.55,61,47,14,0.37,47.9,54.2,-6.3,-0.17,,,,,,,,,
Watford,26,28.9,38,"3,420",90,100,38,418,84,,113,20,171,0.89,36,64,-28,-0.74,48.9,58.1,-9.3,-0.24,,,,,,,,,
West Ham,29,27.4,38,"3,420",90,100,38,418,85,,107,21,177,1.03,49,62,-13,-0.34,48.6,63.8,-15.2,-0.4,,,,,,,,,
Wolves,21,26.6,38,"3,420",90,100,38,418,86,,97,19,187,1.55,51,40,11,0.29,54.1,38,16.1,0.42,,,,,,,,,
,,,,,,,,,,,,,,,,,,,,,,,,,,,,,,,
"Totals may not be complete for all senior-level play, see coverage note.",,,,,,,,,,,,,,,,,,,,,,,,,,,,,,,
"Expected Goals (xG explained) and other Advanced Data provided by Opta, and is available for these competitions.",,,,,,,,,,,,,,,,,,,,,,,,,,,,,,,
,,,,,,,,,,,,,,,,,,,,,,,,,,,,,,,
Squad Miscellaneous Stats 2019-2020 Premier League,,,,,,,,,,,,,,,,,,,,,,,,,,,,,,,
,,,,,,,,,,,,,,,,,,,,,,,,,,,,,,,
View Player Stats,,,,,,,,,,,,,,,,,,,,,,,,,,,,,,,
,,,,,,,,,,,,,,,,,,,,,,,,,,,,,,,
Glossary,,,,,,,,,,,,,,,,,,,,,,,,,,,,,,,
Toggle Per90 Stats,,,,,,,,,,,,,,,,,,,,,,,,,,,,,,,
Squad Stats,,,,,,,,,,,,,,,,,,,,,,,,,,,,,,,
Opponent Stats,,,,,,,,,,,,,,,,,,,,,,,,,,,,,,,
,,,Performance,,,,,,,,,,,,,Aerial Duels,,,,,,,,,,,,,,,
Squad,# Pl,90s,CrdY,CrdR,2CrdY,Fls,Fld,Off,Crs,Int,TklW,PKwon,PKcon,OG,Recov,Won,Lost,Won%,,,,,,,,,,,,,
Arsenal,29,38,88,5,1,421,437,73,699,351,336,2,8,0,1861,501,589,46,,,,,,,,,,,,,
Aston Villa,28,38,70,1,1,451,525,62,798,423,291,2,6,1,1900,705,742,48.7,,,,,,,,,,,,,
Bournemouth,27,38,78,3,2,369,388,67,646,475,299,2,6,0,1979,792,835,48.7,,,,,,,,,,,,,
Brighton,25,38,59,2,1,386,325,71,689,419,379,2,2,2,2065,690,577,54.5,,,,,,,,,,,,,
Burnley,22,38,67,0,0,412,369,89,743,387,344,1,5,1,1860,937,917,50.5,,,,,,,,,,,,,
Chelsea,27,38,60,0,0,386,384,63,862,459,362,6,2,3,2210,703,701,50.1,,,,,,,,,,,,,
Crystal Palace,25,38,62,2,0,424,479,53,588,444,390,2,1,2,1915,771,776,49.8,,,,,,,,,,,,,
Everton,24,38,76,3,3,472,394,58,804,408,408,0,4,3,1966,860,835,50.7,,,,,,,,,,,,,
Leicester City,24,38,43,3,1,418,444,64,779,423,432,6,10,2,2104,659,674,49.4,,,,,,,,,,,,,
Liverpool,24,38,38,1,0,331,293,53,896,352,325,4,1,1,2194,655,588,52.7,,,,,,,,,,,,,
Manchester City,24,38,64,4,2,362,296,68,915,352,301,10,3,1,1959,515,498,50.8,,,,,,,,,,,,,
Manchester Utd,29,38,73,0,0,423,427,56,635,379,333,12,3,1,2084,557,512,52.1,,,,,,,,,,,,,
Newcastle Utd,28,38,66,3,0,370,423,75,591,391,357,0,2,2,1871,733,781,48.4,,,,,,,,,,,,,
Norwich City,30,38,68,3,0,363,430,50,473,397,379,1,7,3,1989,518,673,43.5,,,,,,,,,,,,,
Sheffield Utd,26,38,63,2,1,412,306,78,866,420,377,1,3,0,2041,946,886,51.6,,,,,,,,,,,,,
Southampton,25,38,55,4,1,450,388,58,690,425,416,4,4,1,2150,810,878,48,,,,,,,,,,,,,
Tottenham,29,38,84,3,1,423,424,66,641,381,415,4,7,2,2022,642,671,48.9,,,,,,,,,,,,,
Watford,26,38,80,3,2,481,342,68,684,424,369,7,9,3,1996,823,802,50.6,,,,,,,,,,,,,
West Ham,29,38,64,1,1,387,345,66,737,421,417,3,6,3,2052,855,801,51.6,,,,,,,,,,,,,
Wolves,21,38,61,2,2,407,360,49,718,437,367,4,3,1,2113,775,711,52.2,,,,,,,,,,,,,
,,,,,,,,,,,,,,,,,,,,,,,,,,,,,,,
"Totals may not be complete for all senior-level play, see coverage note.",,,,,,,,,,,,,,,,,,,,,,,,,,,,,,,
"Expected Goals (xG explained) and other Advanced Data provided by Opta, and is available for these competitions.",,,,,,,,,,,,,,,,,,,,,,,,,,,,,,,
